id,conversation_id,created_at,replies,tweet_text,tweet_lang,lang_confidence,reply_emotion_roberta_base,emotion_confidence_roberta_base,reply_emotion_roberta_large,emotion_confidence_roberta_large,is_annotated,manual_emotion_label
1096489842110853125,1096489048414265344,2019-02-15 19:22:04+00:00,it is the place where capitalist fundamentalist meet this is a religion and it is the common denominator underneath all their policies environmental social economic it is money worship and authoritarian in nature they want to wave big sticks,Rees-Mogg - Britain could slash environmental standards 'a very long way' after Brexit. Tory #Brexit is very closely linked to the #ClimateChange denial lobby. Check the #55TuftonSt tag. It's the place where Brexit & climate-science change denial meet.#ClimateStrike #StopBrexit [URL],en,0.8113324642181396,anger,0.9628016948699952,disgust,0.9771926999092102,False,
1100393976987877376,1100154569663733760,2019-02-26 13:55:43+00:00,the public reacts to pocketbook and fear mongering also the public am not too bright when they put economy at the top but global trade at the bottom,"In new Pew Poll, climate change falls to the bottom of concerns voters believe [USER] and Congress should focus on in 2019.It may be the greatest gap between public sentiment and the catastrophic stakes of inaction weâ€™ve seen since the isolationism of the 1930s. [URL]",en,0.8768444061279297,fear,0.9082593321800232,fear,0.9467676877975464,False,
1100177403299676161,1100154569663733760,2019-02-25 23:35:07+00:00,no worries the public will be interested in climate change again when fire floods and hurricanes wipe their homes off of the planet later this year,"In new Pew Poll, climate change falls to the bottom of concerns voters believe [USER] and Congress should focus on in 2019.It may be the greatest gap between public sentiment and the catastrophic stakes of inaction weâ€™ve seen since the isolationism of the 1930s. [URL]",en,0.8768444061279297,fear,0.8629007935523987,anger,0.7175554633140564,False,
1096499412996624385,1096498830600753153,2019-02-15 20:00:06+00:00, SHERoes?,"Thank you [USER] for a brilliant presentation on post capitalist society that there both is a pressing need for and a possibility to work towards. We need welfare, based on universal basic assets, knowledge economy and digitalization while mitigating climate change. [URL]",en,0.9185321927070618,anticipation,0.18465057015419,anticipation,0.3675380647182464,False,
1096537001854226432,1096433735820398592,2019-02-15 22:29:28+00:00,climate change,If Trump has declared a national emergency for his Border Wall... what would be your choice for a national emergency?Guns?Climate Change?MAGA?Fox News?Sarah Slanders?Eric & Donny Jr?Tag... youâ€™re it!! ğŸ¤ª [URL],en,0.7156254053115845,anticipation,0.2634530663490295,fear,0.6948065757751465,False,
1099856623475064832,1096538334556508160,2019-02-25 02:20:28+00:00,i had for aboutyears but i beat it dairy is one major cause juicing organic vegetable juice extra fiber in my diet amp vitamin c helped beat it i have been asthma free foryrs i am also a runner,"Great to meet [USER] today at #ClimateStrike, although shocked to hear he was recently diagnosed by his GP with adult onset asthma. Sadly he won't be the last as toxic air affects all our health outcomes #cleanair #asthma #publichealth #climatechange #SchoolStrike4Climate [URL]",en,0.9643355011940002,optimism,0.9792927503585817,joy,0.9811765551567078,False,
1099757003407310849,1097912551038439430,2019-02-24 19:44:36+00:00,laughing out loud but at least youre willing to admit greenland is actually gaining ie great we have accomplished somethin all the data shows that it could change although it wasnt you but the airhead earlier arguing that point laughing out loud doubt she is ever read an article or book in her life,"Despite the immediate danger posed by climate change, many middle school and high school teachers lack the training to teach students about it. Our bill will create professional development grants for teachers to ensure students are getting the best education they can. [URL]",en,0.9241491556167604,joy,0.9770525693893432,joy,0.9968405961990356,False,
1097349216505028609,1096433913386467329,2019-02-18 04:16:55+00:00,wonder if they are still going through truck inspection stations are they fallowing hours of services or do they do not need to cause they are all on vacations,"Just so you guys know, hereâ€™s how much CO2 the truck convoy heading to Ottawa from Alberta will spew into the atmosphere. 900 gm CO2 per km per truck x 100 trucks x 6668 km (Calgary> Ottawa return) /1000 (converting to kg) = 601,120 kg  of CO2 #ClimateChange #environnement [URL]",en,0.868352472782135,anticipation,0.4564618766307831,anticipation,0.7303468585014343,False,
1099781570142056449,1099759138828140544,2019-02-24 21:22:13+00:00,exactly those bags have items we will not use coming soon to undp lunchroom  amp clearly so cheap that there is no incentive for deli not to hand out in huge quantities crazy,"No-brainer fixes for 1.5C:Every few weeks, hubbie gets delivery from deli. Comes withğŸ‘‡even though we've said to stop. Imagine aggregate effect just in US?!! ğŸŒ²ğŸšœğŸŒ¡ğŸ˜¡Need externalities priced into products & polluter pays policies. â™»ï¸ This isn't ğŸš€ science #ClimateChange [URL]",en,0.991569995880127,disgust,0.9062479734420776,anger,0.98029226064682,False,
1096446833218318336,1096433735820398592,2019-02-15 16:31:10+00:00,also still does not have clean water,If Trump has declared a national emergency for his Border Wall... what would be your choice for a national emergency?Guns?Climate Change?MAGA?Fox News?Sarah Slanders?Eric & Donny Jr?Tag... youâ€™re it!! ğŸ¤ª [URL],en,0.7156260013580322,sadness,0.977681040763855,anger,0.940375030040741,False,
1096477431836348416,1096472357252804609,2019-02-15 18:32:45+00:00,he is a delightful chap is not he amazing that so much vitriol can exist in one person,"Classy stuff here from [USER]. A fiftysomething, self-proclaimed 'educationalist' (also misogynist & eugenics apologist) who here trolls a 16-year-old girl who is striving to galvanise debate on climate change. So much sneering in such a chippy little package. [URL]",en,0.911345899105072,joy,0.990276575088501,joy,0.9846301674842834,False,
1101215515031281666,1101187569214259200,2019-02-28 20:20:13+00:00,Yup,28 Feb 2018 Vs. 28 Feb 2019 (Sweden)There's no such thing as climate changes! Greetings from the North <3#ClimateChangeIsReal#climate change#ClimateHoax#ClimateEmergency#climate [URL],en,0.7897657155990601,joy,0.878326952457428,joy,0.9544692635536194,False,
1097905813673234432,1097905733402648576,2019-02-19 17:08:38+00:00,global warming is very much responsible to two major environmental crises fires and melting ice caps elsas ice powers are weakening and someones causing the forest to catch on fire though it may just be for the purpose of capturing,sorry to Frozen on Main i just wanted to put my thoughts down a bit about my predictions for Frozen 2's story (Spoiler Alert I think it's about climate change) It's probably already been pointed out but the snowflake pattern has symbols that match the floating shapes in Arendelle [URL],en,0.9610443115234376,fear,0.7511629462242126,fear,0.9279636740684508,False,
1096446784925163520,1096444540129591296,2019-02-15 16:30:59+00:00,ridiculous thing to say hopefully you know that,NYT columnist: I'd love to see Hannity react to future Dem president declaring emergency on climate change [URL] [URL],en,0.759129524230957,disgust,0.9641321301460266,anger,0.9942622184753418,False,
1097905753837395969,1097905733402648576,2019-02-19 17:08:24+00:00,while it may not seem very important i think thesesymbols represent theseasons and if were to represent a season it would very obviously be winter but it is clear that the main setting of frozenwill be where is more present,sorry to Frozen on Main i just wanted to put my thoughts down a bit about my predictions for Frozen 2's story (Spoiler Alert I think it's about climate change) It's probably already been pointed out but the snowflake pattern has symbols that match the floating shapes in Arendelle [URL],en,0.9610443115234376,anticipation,0.4981862902641296,anticipation,0.5433655381202698,False,
1096541405869162496,1096537349176156176,2019-02-15 22:46:58+00:00,we had some blooming around huntsville a week ago eally early,"Now this is something. #Daffodils blooming on Feb 15. This is an early bloomer, like mid-March. Not mid-February. #climatechange #Knoxville #itsgettinghotinhere ğŸ”¥ğŸŒ¼ğŸƒğŸ”¥ [URL]",en,0.9532563090324402,joy,0.9649207592010498,joy,0.9237092137336732,False,
1097060924567867392,1096816842973302784,2019-02-17 09:11:21+00:00,"What I see above all is that this kind of remark has no interest, we must be serious if we want to advance the polemics with two bullets, it's inflating and it discredits a whole background work....","Canadaâ€™s carbon pollution pricing system is not about raising revenues. Itâ€™s about recognizing that pollution has a cost, empowering Canadians to reduce emissions & encouraging a more sustainable future.[URL] #EnvironmentEconomy [URL]",en,0.9246923923492432,anger,0.9807735085487366,anger,0.9846765398979188,False,
1096693599180386305,1096476267866742786,2019-02-16 08:51:44+00:00,yellow vests harassing people on the streets no arrests unionists harassing people on the streets no arrests edl harassing people on the streets no arrests but school children protesting about climate change which will affect there future,London's finest have started arresting children for standing up for their future. Where does it lead when the establishment instruct the [USER] to 'kettle' schoolkids who are concerned about climate change & how ineffective the Gov policies actually are. [USER] [URL],en,0.8733810782432556,anger,0.9819736480712892,anger,0.9324336647987366,False,
1098011779110711296,1097710900415389696,2019-02-20 00:09:42+00:00,celebrate your special event via my links for options for climate action,Australia doesnâ€™t want students to walk out of school and this is how they imagine the punishment those that do join walk outs #ClimateStrike #ClimateChange #thefutureisus [URL],en,0.8363556861877441,joy,0.9878522157669068,joy,0.9866841435432434,False,
1100018915302952966,1097065341119811584,2019-02-25 13:05:21+00:00,i am a proud tree hugger i just love them and not just for the beauty i have run out of space to plant so i nurture the ones i have thanks for sharing,"ğŸŒ¿ğŸŒ¸ğŸŒ±Save Our TreesğŸŒ·ğŸ•ŠğŸƒmy family and i, aretree huggersğŸ¦‹ğŸŒ±ğŸwe must take action,to protect forests andcombat climate changeğŸŒhere are the top 22benefits of trees ğŸŒ±thank youğŸ™ğŸ¾ğŸ™ğŸ»ğŸŒ¿ğŸ•ŠğŸƒğŸŒ¸ğŸŒ±ğŸ[URL] [URL] [URL]",en,0.8661025762557983,joy,0.983104646205902,joy,0.9876941442489624,False,
1098935676945354752,1097698843997552641,2019-02-22 13:20:57+00:00,can you also accept that the people of the coast do not want another casino or more pokies absolutely no more casinos or pokies for the coast,"I accept the science of climate change, so does everyone in my govt. I would hope that in the forthcoming federal election campaign, media will ask all candidates whether they accept climate change. [USER] #qldpol [URL]",en,0.8773200511932373,anger,0.9505025744438172,anger,0.907486855983734,False,
1100437308556361728,1100432312465088514,2019-02-26 16:47:54+00:00,that is giving her too much credit,"\Fox & Friends\"" host dismisses Ocasio-Cortez climate change comments: \""Like your kid spewing nonsense at you\"" [URL] [URL]",en,0.7046298384666443,disgust,0.4453491866588592,anticipation,0.8170205950737,False,
1099314872788176896,1099140102616465409,2019-02-23 14:27:44+00:00,i loved the video mister showed us that she has been indecades and has done very little but fatten her bank account,"Sen. Dianne Feinstein clashed with children over climate change policy, criticizing their requests that she back the Green New Deal, accusing them of presenting an ultimatum and contrasting their inability to vote with her three decades in office [URL] [URL]",en,0.9070135354995728,joy,0.990403652191162,joy,0.9823935031890868,False,
1099785029960396800,1099780770598551552,2019-02-24 21:35:58+00:00,bullshit scomo you would not know what climate change was if it bit you on the ass you walk into parliament awhile back with a chunk of goal and said it will not hurt us bullshit if we keep burning it we will not have any ozone layer left dickhead,"\Our record and addressing climate change is a strong one\"" - [USER] [USER] really need to dig into and question statements like this #auspol [URL]",en,0.7718876600265503,anger,0.9869009852409364,anger,0.995020031929016,False,
1098077042422104064,1098030605047074816,2019-02-20 04:29:02+00:00,or as i like to referr to us informed voters,"I believe in:ScienceEqualityJusticeHonestyDiversityEducationFair WagesCivil RightsVoting rightsClimate ChangeHealthcare for allIMMIGRATION REFORM#ImTheRadicalLeft, and I'm PROUD of it. [URL]",en,0.8000022172927856,optimism,0.5107418894767761,optimism,0.8648079037666321,False,
1097963550084087808,1097912551038439430,2019-02-19 20:58:04+00:00,climate what hoax,"Despite the immediate danger posed by climate change, many middle school and high school teachers lack the training to teach students about it. Our bill will create professional development grants for teachers to ensure students are getting the best education they can. [URL]",en,0.9241491556167604,disgust,0.9185630679130554,disgust,0.982347846031189,False,
1097989341840842752,1097912551038439430,2019-02-19 22:40:33+00:00,data are collected not subjected to the rigors of the scientific method climate models are tested refined peer reviewed published in climate journals for other scientists to read amp critique which is the scientific method try fail at sounding all science y,"Despite the immediate danger posed by climate change, many middle school and high school teachers lack the training to teach students about it. Our bill will create professional development grants for teachers to ensure students are getting the best education they can. [URL]",en,0.9241491556167604,disgust,0.717700183391571,disgust,0.902593195438385,False,
1096519809657917441,1096518725338124293,2019-02-15 21:21:09+00:00,yes please promote sensible viable candidates like miss do not need more airtime for billionaires with ego issues,"Sen. Harris on Pres. Trump's declaration of a national emergency: \We should do something about the actual emergencies that plague our nation â€” like climate change or health care access â€” not playing politics in order to build a wasteful border wall.\"" [URL] [URL]",en,0.8592154383659363,optimism,0.7498248219490051,anger,0.9406439065933228,False,
1097502289491886080,1097043285980389377,2019-02-18 14:25:11+00:00,i did not say people should be coerced educing unintended pregnancy does not involve telling people to not have kids it makes sure their pregnancy is wanted educing unintended pregnancy girls education family planning are collectively number one do you disagree,Individual actions to take to reduce #ClimateChange 1. Switch to renewable energy supplier2. Use your car less and/or switch to an electric car3. Eat less meat - consider going vegetarian or vegan4. Stopping flying or if essential try to offset emissions5. #Protest6. #Vote [URL],en,0.967846691608429,anticipation,0.6330673098564148,optimism,0.6135300397872925,False,
1099147745754009600,1099140102616465409,2019-02-23 03:23:38+00:00,knowing her she wants their money,"Sen. Dianne Feinstein clashed with children over climate change policy, criticizing their requests that she back the Green New Deal, accusing them of presenting an ultimatum and contrasting their inability to vote with her three decades in office [URL] [URL]",en,0.9070133566856384,disgust,0.3808746039867401,disgust,0.639233410358429,False,
1097154033540886531,1097065341119811584,2019-02-17 15:21:20+00:00,i like trees and have planted many so far wish i had done more,"ğŸŒ¿ğŸŒ¸ğŸŒ±Save Our TreesğŸŒ·ğŸ•ŠğŸƒmy family and i, aretree huggersğŸ¦‹ğŸŒ±ğŸwe must take action,to protect forests andcombat climate changeğŸŒhere are the top 22benefits of trees ğŸŒ±thank youğŸ™ğŸ¾ğŸ™ğŸ»ğŸŒ¿ğŸ•ŠğŸƒğŸŒ¸ğŸŒ±ğŸ[URL] [URL] [URL]",en,0.8661025762557983,joy,0.9654976725578308,joy,0.9746814966201782,False,
1100193004302860289,1097045226823139328,2019-02-26 00:37:07+00:00,i think they must have been clued in that people used to worship cats in egypt somehow,#algore you were wrong! #Climatechange is a tool for the globalist for more control and taxes to keep us poor. There should be no #CarbonTax or #emissionstax and no stealth taxes. Voting #AustralianConservatives into the senate is common sense. [URL],en,0.8491311073303223,anticipation,0.6531004905700684,anticipation,0.7023494243621826,False,
1098214028822884353,1097912551038439430,2019-02-20 13:33:22+00:00,what keeps changing besides politicians minds,"Despite the immediate danger posed by climate change, many middle school and high school teachers lack the training to teach students about it. Our bill will create professional development grants for teachers to ensure students are getting the best education they can. [URL]",en,0.9241491556167604,disgust,0.8356107473373413,disgust,0.6795602440834045,False,
1097073753920622597,1097043285980389377,2019-02-17 10:02:20+00:00,depend on circumstances and where you live in some places it would seem easy enough to not own a car in others it is much more difficult,Individual actions to take to reduce #ClimateChange 1. Switch to renewable energy supplier2. Use your car less and/or switch to an electric car3. Eat less meat - consider going vegetarian or vegan4. Stopping flying or if essential try to offset emissions5. #Protest6. #Vote [URL],en,0.967846691608429,sadness,0.8064214587211609,anticipation,0.4916203320026397,False,
1098866180683644929,1098860338706087936,2019-02-22 08:44:48+00:00,itd be interesting to see africas numbers on there along with the percentage caused by chinese investment i suspect chinas numbers will be much bigger,Carbon Taxes are futile.#ClimateChange [URL],en,0.4078635275363922,anticipation,0.9527996182441713,anticipation,0.9042758345603944,False,
1100269476992507904,1100154569663733760,2019-02-26 05:40:59+00:00,wringing why is not our propaganda working,"In new Pew Poll, climate change falls to the bottom of concerns voters believe [USER] and Congress should focus on in 2019.It may be the greatest gap between public sentiment and the catastrophic stakes of inaction weâ€™ve seen since the isolationism of the 1930s. [URL]",en,0.8768444061279297,anger,0.9619575142860411,sadness,0.9697690606117249,False,
1097395605742239744,1095986911523598336,2019-02-18 07:21:15+00:00,Haiti!!!!!!!!!!!!!!!!!!!!!!!!!!!!!!!!!!!!!!!!!!!!!!!!!!!!!!!!!!!!!!!!!!!!!!!!!!!!!!!!!!!!!!!!!!!!!!!!!!!!!!!!!!!!!!!!!!!!!!!!!!!!!!!!!!!!!!!!!!!!!!!!!!!!!!!!!!!!!!!!!!!!!!!!!!!!!!!!!!!!!!!!!!!!!!!!!!!!!!!!!!!!!!!!!!!!!!!!!!!!!!!!!!!!!!!!!!!!!!!!!!!!!!!!!!!!!!!!!!!!!!!!!!!!!!!!!!!,"A 3rd year geography student, Susie, at Edinburgh Uni is writing a dissertation on climate change and wine and needs help please. Anyone know of any good sources for info, research or data for weather patterns for specific wine region(s) that might show the impact? #mwstudyfacts [URL]",en,0.914214253425598,joy,0.4410752356052398,joy,0.8904126882553101,False,
1098190932535459840,1098190410675937281,2019-02-20 12:01:36+00:00,i have been at odds over whether i should talk to her about climate change and i haven t actually tackled the topic with her it might be coming from her school and i applaud that,"My little miss 6 drew this today she explained that there was the sun, a dead spirit tree, dead grass and dead fish... if a 6 year old gets #climatechange how come our government doesnâ€™t? [URL]",en,0.9397304058074952,optimism,0.8216210007667542,optimism,0.8197928071022034,False,
1096810679770714113,1096459205500907522,2019-02-16 16:36:58+00:00,congrats also good partners you brought on board,"The [USER] UESC students conducted 2 participatory #ClimateChange Vulnerability Assessments for #Rotterdam Centrum & #Delfshaven, within one week! ğŸ“ˆğŸŒ§ï¸ğŸŒŠğŸŒ¡ï¸ Teamed up with [USER] [USER] and [USER] ğŸ’¯ #totziens [URL]",en,0.8124943971633911,joy,0.9967212080955504,joy,0.9980427026748656,False,
1096785595689562112,1096721839273971713,2019-02-16 14:57:17+00:00,clearly you have never had any trouble with the police if you think the system works,"i doubt i'm the first to think it odd that plod can cuff a teenage girl on a climate change march yet stand, not bothering their arses, while thuggish men shout misogynistic and homophobic abuse outside the commons. [URL]",en,0.9162381291389464,disgust,0.7924423813819885,disgust,0.7705873250961304,False,
1097812102536806401,1097698843997552641,2019-02-19 10:56:16+00:00,and yet you are persisting with adani these two things are not at all compatible minsiter,"I accept the science of climate change, so does everyone in my govt. I would hope that in the forthcoming federal election campaign, media will ask all candidates whether they accept climate change. [USER] #qldpol [URL]",en,0.8773200511932373,disgust,0.887939989566803,disgust,0.9567553400993348,False,
1099144577716572160,1099140102616465409,2019-02-23 03:11:03+00:00,these are the loons we have in office,"Sen. Dianne Feinstein clashed with children over climate change policy, criticizing their requests that she back the Green New Deal, accusing them of presenting an ultimatum and contrasting their inability to vote with her three decades in office [URL] [URL]",en,0.9070135951042176,disgust,0.9792730808258056,disgust,0.9948023557662964,False,
1096562311010152448,1096556307564412928,2019-02-16 00:10:02+00:00,what me worry,"Rep, Don Bacon is failing. Again.He showed no backbone in response to Trumpâ€™s repeated failure to honor his own word in negotiations on border security.And where was Bacon during the shutdown?No leadership on DACA and climate change.And on and on and on ... [URL]",en,0.8556949496269226,fear,0.987528920173645,fear,0.9883210062980652,False,
1098410874283339776,1096905080475774976,2019-02-21 02:35:34+00:00,your update bombshell debunked debunked fake it has now been independently confirmed by multiple persons that my results regarding the impact of station dropout on global temperature are correct,Today [USER] and I announced the introduction of the Resources Sustainability & Security Act to ensure that New Mexico state agencies prepare for climate change and take action to address the long-term impacts statewide #ActOnClimate [URL],en,0.8164734840393066,anticipation,0.6314875483512878,anticipation,0.8043555021286011,False,
1100259994866335744,1100154569663733760,2019-02-26 05:03:19+00:00,Moron,"In new Pew Poll, climate change falls to the bottom of concerns voters believe [USER] and Congress should focus on in 2019.It may be the greatest gap between public sentiment and the catastrophic stakes of inaction weâ€™ve seen since the isolationism of the 1930s. [URL]",en,0.8768444061279297,anger,0.988272488117218,anger,0.9949684739112854,False,
1101173881933627397,1101130563795279873,2019-02-28 17:34:46+00:00,so you are copying the yellow vests of mayor their xenophobia fits right in with the,Gov. Mills is talking about climate change at E2Tech conference in Augusta. #mepolitics [URL],en,0.8578717708587646,anger,0.9800443053245544,disgust,0.903992772102356,False,
1096782297179791365,1096474220870144011,2019-02-16 14:44:11+00:00,a recording of her talk will be posted to youtube channel,"Join #Rutgers #EOAS for atmospheric scientist Katharine Hayhoeâ€™s [USER] [USER] lecture â€œTalking Climate: When Facts are Not Enoughâ€ Feb. 26, free & open to the public [URL] [URL]",en,0.7080482840538025,anticipation,0.8754116892814636,anticipation,0.9357879161834716,False,
1100505668828741633,1100504555769470981,2019-02-26 21:19:32+00:00,watching the view,â€˜Viewâ€™ host Abby Huntsman claims Alexandria Ocasio-Cortez wants to eradicate the human race [URL] [URL],en,0.7297160029411316,joy,0.9213314056396484,joy,0.9454001188278198,False,
1096748264613920768,1096437955911131136,2019-02-16 12:28:57+00:00,interesting is this a population denier,"The earth is 4,600,000,000 years old12,000 years ago the population was 7.5m.Today it has grown to 7.7bn, an increase of 100,000%.By 2100 it will be 11bn, an increase of 145,000%. Pollution, climate change, loss of other species.We need to talk about population. [URL]",en,0.935531735420227,anticipation,0.4161927103996277,surprise,0.7029897570610046,False,
1099127045848584192,1099117488845930497,2019-02-23 02:01:23+00:00,looks like he is really living the less cotton in rural nsw philosophy,"Now [USER] saying climate change is going to have a massive impact on water in western NSW, but the National Party have deliberately excluded post-2004 data when deciding water allocations, to exclude the Millennium Drought and climate data. #nswpol #nswvotes #DarlingRiver [URL]",en,0.8206478953361511,anticipation,0.682317852973938,anticipation,0.3701707422733307,False,
1098962686547767304,1098762884623069184,2019-02-22 15:08:16+00:00,plus s facebook account was anti memes in so it is not like him taking this stance would be surprising to anyone paying attention,"ğŸ¤¯ NEW EPISODE ğŸ¤¯\Hans Zimmer: At World's End?\""(Soundcast Stereo - 32nd Edition)[USER] and [USER] discuss the composer's recent statement about climate change while doing press for his upcoming score for \""One Planet, Seven Worlds.\""[URL] [URL]",en,0.7038331627845764,disgust,0.4460936784744262,disgust,0.6804583668708801,False,
1100011084180791301,1099732022636040192,2019-02-25 12:34:14+00:00, No,"today we took advantage of anthropogenic climate change and went to a farm, which was a bit smelly but worth it to see [USER]'s face when she saw an alpaca. here is me in some sort of willow circle, radiating Big Milf Energy ğŸŒ» [URL]",en,0.9695783853530884,disgust,0.0625050291419029,anticipation,0.1281840354204177,False,
1099901391055843328,1099899554466537477,2019-02-25 05:18:21+00:00,i saw the unedited version and she was very patient with the group more so than they were with her i no longer trust cnn no to have their own agenda free the constant free coverage they give never asking him any hard questions,Sen. Dianne Feinstein's climate change discussion with schoolchildren gets heated [URL] [URL],en,0.6789169907569885,anger,0.9716652035713196,anger,0.9548344016075134,False,
1100210995153252355,1100154569663733760,2019-02-26 01:48:36+00:00,a wake up call to the democratic party,"In new Pew Poll, climate change falls to the bottom of concerns voters believe [USER] and Congress should focus on in 2019.It may be the greatest gap between public sentiment and the catastrophic stakes of inaction weâ€™ve seen since the isolationism of the 1930s. [URL]",en,0.8768444061279297,optimism,0.9740230441093444,optimism,0.8001492619514465,False,
1099156025490501638,1099140102616465409,2019-02-23 03:56:32+00:00,when you lose face resort to insults,"Sen. Dianne Feinstein clashed with children over climate change policy, criticizing their requests that she back the Green New Deal, accusing them of presenting an ultimatum and contrasting their inability to vote with her three decades in office [URL] [URL]",en,0.9070133566856384,anger,0.967735469341278,anger,0.9779329299926758,False,
1100127843688697856,1100119758354169856,2019-02-25 20:18:11+00:00,did you read the piece she did not sayto stop having kids people are looking ahead and wondering if they should be having children they are asking the question not her,"Ocasio-Cortez: Climate change is forcing youth to ask \Is it OK to still have children?\"" [URL] [URL]",en,0.6967440247535706,disgust,0.8037899136543274,disgust,0.8845539093017578,False,
1100439026224500736,1100432312465088514,2019-02-26 16:54:43+00:00,basically the right uses her to discredit the left highlight the craziest most divisive person give that person a big megaphone they can not help but use and destroy your opponent from the inside,"\Fox & Friends\"" host dismisses Ocasio-Cortez climate change comments: \""Like your kid spewing nonsense at you\"" [URL] [URL]",en,0.7046298384666443,anger,0.9846535325050354,disgust,0.9712985157966614,False,
1100148392011927552,1100106473173147648,2019-02-25 21:39:51+00:00,behaviour amp group think we are subjected touninformed lazy drivel like carbon emissions thee is no such thing carbon is not co for crying out loud co is an odourless colourlesstrace gas amp is plant food,"Thread: Met Ã‰ireann guidelines for staff on what to say if asked about climate change in the media. If queried about extreme weather events, it is \scientifically correct\"" to say there is an increased risk of such events due to human activities: [URL]",en,0.8998470306396484,anger,0.835846483707428,disgust,0.99040949344635,False,
1099144676333010944,1099140102616465409,2019-02-23 03:11:26+00:00,clashed with children you guys really turned up the bs for that one,"Sen. Dianne Feinstein clashed with children over climate change policy, criticizing their requests that she back the Green New Deal, accusing them of presenting an ultimatum and contrasting their inability to vote with her three decades in office [URL] [URL]",en,0.9070133566856384,anger,0.9728671312332152,anger,0.9915153980255128,False,
1100237959016648705,1100037172617531392,2019-02-26 03:35:45+00:00,of course it is not all junk i am not a physicist i am not intimidated by scientists i work with engineers every day and often help them correct their errors it is a forest vs trees thing typical of smart focused people,Trump administration plans to undermine the scientific consensus on climate change using a panel of climate science deniers [URL] [URL],en,0.8151600360870361,optimism,0.9884889721870422,optimism,0.9889463782310486,False,
1099290226579640320,1097912551038439430,2019-02-23 12:49:48+00:00,laughing out loud shut the fuck up you cretin,"Despite the immediate danger posed by climate change, many middle school and high school teachers lack the training to teach students about it. Our bill will create professional development grants for teachers to ensure students are getting the best education they can. [URL]",en,0.9241491556167604,anger,0.95870441198349,anger,0.9800426959991456,False,
1096950654151602176,1096472357252804609,2019-02-17 01:53:10+00:00,and by that i meant his politics are similar to tobys i do not think a possibly flawed perception that young people are more left wing should necessarily have anything to do with whether we lower the voting age,"Classy stuff here from [USER]. A fiftysomething, self-proclaimed 'educationalist' (also misogynist & eugenics apologist) who here trolls a 16-year-old girl who is striving to galvanise debate on climate change. So much sneering in such a chippy little package. [URL]",en,0.911345899105072,anticipation,0.6943281292915344,disgust,0.7964182496070862,False,
1097629385438388225,1096905080475774976,2019-02-18 22:50:13+00:00,you mean all of climate change denying of the brothers if they tell me to believe i will family foundations have spent directly financinggroups that have attacked climate change science and policy solutions from,Today [USER] and I announced the introduction of the Resources Sustainability & Security Act to ensure that New Mexico state agencies prepare for climate change and take action to address the long-term impacts statewide #ActOnClimate [URL],en,0.8164730072021484,disgust,0.9471479654312134,disgust,0.936186134815216,False,
1099035880533229568,1099034843239858176,2019-02-22 19:59:07+00:00,do not forget the billions spent on farm subsidies because of s brain haired tariffs,"Why can we pay trillions for wars, billions for a useless wall but we never have any money for #healthcare and #Climatechange [URL]",en,0.8168689012527466,anger,0.9782162308692932,disgust,0.9819126129150392,False,
1098030626404556800,1097912551038439430,2019-02-20 01:24:36+00:00,public education destroyed by teachers unions,"Despite the immediate danger posed by climate change, many middle school and high school teachers lack the training to teach students about it. Our bill will create professional development grants for teachers to ensure students are getting the best education they can. [URL]",en,0.9241491556167604,sadness,0.9703869223594666,anger,0.993545949459076,False,
1100407438979751936,1100406660009324545,2019-02-26 14:49:12+00:00,that this is even a discussion speaks to how far down the hole we have fallen as a species it is happening it is destroying the planet the pentagon is planning for it  those hippies  so it is real folks we are scary stupid in the usa,"Kasich urging fellow Republicans to stop denying climate change, take action on the environment [URL] [URL]",en,0.7918096780776978,disgust,0.975923478603363,disgust,0.9904476404190063,False,
1100170100206903297,1100154569663733760,2019-02-25 23:06:06+00:00,electrify the d world as quickly as possible with fossil fuels to get them out of burning wood would be a start,"In new Pew Poll, climate change falls to the bottom of concerns voters believe [USER] and Congress should focus on in 2019.It may be the greatest gap between public sentiment and the catastrophic stakes of inaction weâ€™ve seen since the isolationism of the 1930s. [URL]",en,0.8768444061279297,anticipation,0.6862731575965881,anticipation,0.6495850086212158,False,
1098048921727893505,1097912551038439430,2019-02-20 02:37:18+00:00,federal govt has no role in public education period,"Despite the immediate danger posed by climate change, many middle school and high school teachers lack the training to teach students about it. Our bill will create professional development grants for teachers to ensure students are getting the best education they can. [URL]",en,0.9241491556167604,anger,0.9474359154701232,anger,0.9850871562957764,False,
1098152975460167680,1098143824235450368,2019-02-20 09:30:46+00:00,we need an base for to reorient agricultural priorities amp cut food loss amp ight now the true costs of  included in the of food life supporting amp an important part of,"5th #JPIHDHLconference \#Healthy #diet for a healthy #life - Diet as #leverage point towards a healthy & #sustainable #foodsystem\"" [USER]: Our #food = connected to #societal challenges, incl #climatechange & #biodiversity. [USER][USER] [USER] #EATLancet [URL]",en,0.8133837580680847,optimism,0.8107121586799622,optimism,0.7552258968353271,False,
1097978165077729280,1097698843997552641,2019-02-19 21:56:08+00:00,you shall kneel,"I accept the science of climate change, so does everyone in my govt. I would hope that in the forthcoming federal election campaign, media will ask all candidates whether they accept climate change. [USER] #qldpol [URL]",en,0.8773200511932373,anger,0.232182890176773,anger,0.2893358170986175,False,
1096463756387852293,1096398251207639040,2019-02-15 17:38:25+00:00, ï¸ ï¸,Loads of young people in Leeds making a stand against climate change outside the art gallery #ClimateStrike [URL],en,0.8227075338363647,sadness,0.0667553544044494,anticipation,0.1294843405485153,False,
1096869360969400322,1096717087530250240,2019-02-16 20:30:09+00:00,please explain your very heavy handed approach to these kids why not the same with the far right yellow vested thugs,A school girl wearing her school uniform and tie holds up her handcuffed wrists after being arrested for obstruction during the #strike4climate demonstration by school children in London's Parliament square. #ClimateStrike #thetimes #ClimateChange [URL],en,0.9072394371032716,anger,0.9842944145202636,anger,0.994716227054596,False,
1097996354448699395,1097912551038439430,2019-02-19 23:08:25+00:00,let me get this straight it is global warming not climate change,"Despite the immediate danger posed by climate change, many middle school and high school teachers lack the training to teach students about it. Our bill will create professional development grants for teachers to ensure students are getting the best education they can. [URL]",en,0.9241491556167604,anger,0.4897100627422333,disgust,0.4439094662666321,False,
1096862271618404354,1096721839273971713,2019-02-16 20:01:58+00:00,fucking illiterate idiots like you,"i doubt i'm the first to think it odd that plod can cuff a teenage girl on a climate change march yet stand, not bothering their arses, while thuggish men shout misogynistic and homophobic abuse outside the commons. [URL]",en,0.9162381291389464,anger,0.9877699613571168,anger,0.9956509470939636,False,
1096769788460892161,1096721839273971713,2019-02-16 13:54:29+00:00,if you genuinely think these two are on the left you need to pay more attention they are centre right middle aged wealthy indulgent wannabe popstars self promoting help from media pals fat cops making music that sounds like it is from wilsons dustbins,"i doubt i'm the first to think it odd that plod can cuff a teenage girl on a climate change march yet stand, not bothering their arses, while thuggish men shout misogynistic and homophobic abuse outside the commons. [URL]",en,0.9162381291389464,anger,0.9733474254608154,disgust,0.9612292051315308,False,
1100571345534935041,1100504555769470981,2019-02-27 01:40:31+00:00,let us start with the view,â€˜Viewâ€™ host Abby Huntsman claims Alexandria Ocasio-Cortez wants to eradicate the human race [URL] [URL],en,0.7297158241271973,joy,0.4430864155292511,optimism,0.5431955456733704,False,
1096460198292717569,1096439329289850881,2019-02-15 17:24:17+00:00,shitty rackin up savage owns,The kid with the Pret plastic water bottle leading the way at the climate change protest. Peak Gen Z [USER] #ClimateStrike [URL],en,0.8300597667694092,anger,0.9811999201774596,anger,0.9936385750770568,False,
1101188953216933888,1101176583912599552,2019-02-28 18:34:40+00:00,great to hear congrats,Exciting/terrifying update: writing a book with [USER] about science communication & engagement on emotional & contentious issues. It will be practice-based view & expand themes from pieces like this [USER] [URL] & [USER] [URL] [URL],en,0.9596756100654602,joy,0.9960905909538268,joy,0.9982413053512572,False,
1097956324187373569,1097912551038439430,2019-02-19 20:29:21+00:00,why do not you make a bill to make sure kids are being taught economics amp free thinking a lot of kids have no ie how the world works,"Despite the immediate danger posed by climate change, many middle school and high school teachers lack the training to teach students about it. Our bill will create professional development grants for teachers to ensure students are getting the best education they can. [URL]",en,0.9241491556167604,anticipation,0.6481541395187378,disgust,0.9414764642715454,False,
1099216827094261760,1099140102616465409,2019-02-23 07:58:08+00:00,nah she knows the green deal which i support would never be passed in a gop senate,"Sen. Dianne Feinstein clashed with children over climate change policy, criticizing their requests that she back the Green New Deal, accusing them of presenting an ultimatum and contrasting their inability to vote with her three decades in office [URL] [URL]",en,0.9070135354995728,disgust,0.8414424061775208,disgust,0.5231875777244568,False,
1098189856952500225,1097987884097900544,2019-02-20 11:57:19+00:00,this is on the map,"Itâ€™s not a big, iconic or â€˜sexyâ€™ species and it wonâ€™t get much coverage in the media but this is important. The Bramble Cay melomys is now extinct ... the first mammal to be declared extinct due to human-caused climate change. Donâ€™t let this go unnoticed.[URL] [URL]",en,0.9671799540519714,anticipation,0.1287074834108352,anticipation,0.2424132078886032,False,
1100305036628774912,1100270034734133249,2019-02-26 08:02:18+00:00,all candidates get these opportunities,"So, [USER] gets his 'we should be doing more' on climate change story on front page of SMH today & a [USER] interview on Afternoon Briefing.The interview was a train-wreck, Sharma backed away from statements he made in the SMH article!! FFS! Backflipper!ğŸ™„#auspol [URL]",en,0.835858166217804,optimism,0.9640011787414552,optimism,0.9879576563835144,False,
1098884952366768128,1098193699257962496,2019-02-22 09:59:23+00:00,horrendousis this incredibly saddening news pressure must be put to bareon the icelandic government to reverse this horrific decision gr gr grs,We're greatly disappointed that the Icelandic fisheries minister announced a new #whaling quota to kill over two thousand fin and minke #whales!At a time when school children are marching against #ClimateChange this decision is morally repugnant.More: [URL] [URL],en,0.8750172257423401,sadness,0.9857535362243652,sadness,0.9799261689186096,False,
1098321647109619712,1097906039305965573,2019-02-20 20:41:01+00:00,funny how all these lib climate nuts who scream about rich corporations support a program that will make them even richer to implement the plan while having no impact on climate solydra come to mind,â€œClimate change is a national security threat.â€ Thank you [USER] for realizing the importance of the Green New Deal on our environment and Long Island Sound. #CTGreenNewDeal [URL],en,0.8528305888175964,joy,0.8803732395172119,disgust,0.9381327629089355,False,
1100168711087013888,1100119758354169856,2019-02-25 23:00:35+00:00,withbillion folks on this planet either we slow reproduction or mass genocide i will go with the former,"Ocasio-Cortez: Climate change is forcing youth to ask \Is it OK to still have children?\"" [URL] [URL]",en,0.6967443823814392,anger,0.9624413251876832,disgust,0.6503256559371948,False,
1101157297047461889,1100410157895315457,2019-02-28 16:28:52+00:00,you may be highly educated meganyou are not the only one but you display yourself as an educated fool opinionated rude and condescending if you would stop barking like a mad dog you would probably hear what other people have to say and understand what is being said,Ahead in #HotTopics: Alexandria Ocasio-Cortez brings up a â€œlegitimate questionâ€ she believes is asked in the wake of climate change and crippling student loan debt: â€œIs it okay to still have children?â€ What are your thoughts? Tweet us. [URL],en,0.8483988642692566,anger,0.9923902153968812,anger,0.9922673106193542,False,
1099163204725456896,1099140102616465409,2019-02-23 04:25:04+00:00,this tweet completely mischaracterizes what happened,"Sen. Dianne Feinstein clashed with children over climate change policy, criticizing their requests that she back the Green New Deal, accusing them of presenting an ultimatum and contrasting their inability to vote with her three decades in office [URL] [URL]",en,0.9070133566856384,anger,0.8726685047149658,anger,0.9738559126853944,False,
1096451562505977856,1096376667117895680,2019-02-15 16:49:58+00:00,deeds not words it was only once the suffragettes started taking action that anything changed,This is the scene in Brighton as a protest over climate change is underway. #schoolstrike4climate #climatestrike [URL],en,0.8276175260543823,optimism,0.8751019239425659,optimism,0.910676896572113,False,
1100198047575883779,1100154569663733760,2019-02-26 00:57:09+00:00,if you believe climate change is a superficial issue that is a non starter and this conversation will go nowhere,"In new Pew Poll, climate change falls to the bottom of concerns voters believe [USER] and Congress should focus on in 2019.It may be the greatest gap between public sentiment and the catastrophic stakes of inaction weâ€™ve seen since the isolationism of the 1930s. [URL]",en,0.8768444061279297,anger,0.9711968898773192,disgust,0.9432856440544128,False,
1100186032442609664,1100169638518841345,2019-02-26 00:09:25+00:00,they should not have it to begin with,"Since some of the conservative churches are lobbying Congress on gun rights, women's reproductive rights, climate change, and #LGBT rights, isn't it time We The People begin to #TaxTheChurch when they are participating in reducing our civil rights, and safety? [URL]",en,0.8454023599624634,anger,0.9237725734710692,disgust,0.9197842478752136,False,
1098606942187065347,1098588421767995392,2019-02-21 15:34:40+00:00,and how many animals went extinct befoe man because of climate change,"More irresponsible reporting. How does anyone know that #globalwarming is man-made? Where is the irrefutable proof? Why canâ€™t it be that global warming is a natural, cyclical phenomenom? The scientific community does not unilaterally agree that man CAUSES climate change. #asshats [URL]",en,0.9052544236183168,sadness,0.9281675815582277,fear,0.8366733193397522,False,
1099394001139056640,1099034040164864000,2019-02-23 19:42:10+00:00,this is so true the more you travel the more you learn how much salt to sprinkle on the news reports way always speak to real travelers who have just been there,"Guys - I want to pose the question:Do international issues such as terrorism, climate change, natural disasters ever factor in to your travel decisions? How?Really interested to hear your views for a blog post I'm writing...*please mention if you don't wish to feature [URL]",en,0.9437975883483888,optimism,0.8653716444969177,optimism,0.9200069904327391,False,
1098084797753155586,1098001280776060928,2019-02-20 04:59:51+00:00,so youbelieve in climate change do you seems like the rest of your party do not,"I'm calling on [USER] to help farmers by backing the Coalitionâ€™s $5 billion Future Drought Fund. The fund will pay $100 million a year to help farmers be more resilient, better prepared for drought and adapt to climate change. [URL]",en,0.8867825269699097,disgust,0.7516066431999207,disgust,0.814732015132904,False,
1100085493209931776,1100069273752477697,2019-02-25 17:29:54+00:00,Itâ€™s not,"This Wednesday, join me at my town hall in Burlington! ğŸ’¬Â Ask that question you've always wanted to ask and share your ideas on how we can strengthen our economy while fighting climate change. Request your ticket through Eventbrite today! â¡ï¸ [URL] [URL]",en,0.8927648663520813,sadness,0.2405100017786026,disgust,0.5800568461418152,False,
1100430563452821506,1100427101461716995,2019-02-26 16:21:05+00:00,uhm so she wants to spew her rhetoric but he can not because she is a girl that is part of adulthood,Fox News host rips into Ocasio-Cortez over her climate change remarks [URL] [URL],en,0.7290937304496765,disgust,0.5623193979263306,anger,0.8936936259269714,False,
1096438553201070080,1096419453884133376,2019-02-15 15:58:16+00:00,can you tell me whyare still giving out ph licences the city os full of them engine running in the city centre i have asked this question to you before but you have never answered,This gave me so much hope today! Amazing to see young people taking a stand to make sure their voices are heard. I'm listening! Action on climate change is needed! ğŸ’›#YouthStrike4Climate #climatestrike [URL],en,0.972486674785614,anger,0.9833024144172668,anger,0.9579742550849916,False,
1100252846103003136,1097045226823139328,2019-02-26 04:34:54+00:00,i am very envious i love horses used to go horse riding as a kid quite a bit i guess the upkeep would be pretty pricey though sigh maybe one day if i win lotto,#algore you were wrong! #Climatechange is a tool for the globalist for more control and taxes to keep us poor. There should be no #CarbonTax or #emissionstax and no stealth taxes. Voting #AustralianConservatives into the senate is common sense. [URL],en,0.8491311073303223,joy,0.9954375624656676,sadness,0.9573874473571776,False,
1099746128059355138,1099543406634688512,2019-02-24 19:01:23+00:00,this point of clarity is a good one however it should not slow momentum of those actively trying to get new policy passed everyone trying to say these kids do not know the ipcc findings are getting in the way not you necessarily amez they know enough and are right to act,"\We have 12 years to address climate change\"" isn't exactly what the IPCC report says. It says:-To stay below 1.5C, emissions must drop 45% (from 2010 levels) by 2030 & reach net zero by ~2050.  -To stay below 2C, emissions must drop 25% by 2030 & reach net zero by ~2070.   1/ [URL]",en,0.8729711174964905,optimism,0.9039350152015686,anger,0.9035748243331908,False,
1100365080372436993,1100081574748524544,2019-02-26 12:00:53+00:00,the average voter voting in an country does vote on details,"Chief, [USER] please stop misrepresenting EFF and its Manifesto. We have extensively covered the question of the environment and climate change. (See below) Either you are stratcoming us or you have become a degenerate journalist who basis analysis on sound bites. [URL]",en,0.8605227470397949,anticipation,0.4511424601078033,anticipation,0.247981995344162,False,
1101257167363948547,1097045226823139328,2019-02-28 23:05:43+00:00,exactly my point haha he literally is in the sea,#algore you were wrong! #Climatechange is a tool for the globalist for more control and taxes to keep us poor. There should be no #CarbonTax or #emissionstax and no stealth taxes. Voting #AustralianConservatives into the senate is common sense. [URL],en,0.8491311073303223,joy,0.9882379174232484,joy,0.9908039569854736,False,
1096472232199704578,1096421178221178885,2019-02-15 18:12:06+00:00,multi millionaire war criminal,"On this day 16 years ago, 2 million people took to the streets of London to oppose the Iraq war. Before the demo, students across Britain organised walk outs & protests. How fitting that students today have mobilised again to demand action on climate change. #schoolstrike4climate [URL]",en,0.9399715662002563,anger,0.9709901213645936,anger,0.9904319643974304,False,
1096850247458975745,1096419453884133376,2019-02-16 19:14:12+00:00,thanks and indeed legally a cap would be conditional on evidence of over provision but is it appropriate for you to be making such categorical statements on the policy in view of committees quasi judicial status seem to recall kick off in dundee on very similar issue,This gave me so much hope today! Amazing to see young people taking a stand to make sure their voices are heard. I'm listening! Action on climate change is needed! ğŸ’›#YouthStrike4Climate #climatestrike [URL],en,0.972486674785614,anticipation,0.5728652477264404,anticipation,0.7659941911697388,False,
1096393586004893696,1096388595814944768,2019-02-15 12:59:35+00:00,you had a great vday,"#FollowFriday It's vital that you FOLLOW & RETWEET these MAGNIFICENT ladies to end climate change , solve poverty & inequality & because they are drop dead GORGEOUS ğŸ”¥ğŸ”¥ğŸ”¥[USER] [USER][USER] [USER] [USER] [USER] [USER] [URL]",en,0.7073067426681519,joy,0.9928060173988342,joy,0.9977800250053406,False,
1096003751888867328,1095944283167715328,2019-02-14 11:10:31+00:00, Gewoon ziek BAH,"These extraordinary climate change fighting high school students met [USER] today. They spoke for all of us - climate change is our number one issue, can Labor lead with boldness and courage? [URL]",en,0.7962806224822998,joy,0.1562754660844802,joy,0.3342393040657043,False,
1098417522770997248,1098001280776060928,2019-02-21 03:01:59+00:00,an ie for you sell your paltrywoolies shares and donate them to the dairy farmers you hypocrite,"I'm calling on [USER] to help farmers by backing the Coalitionâ€™s $5 billion Future Drought Fund. The fund will pay $100 million a year to help farmers be more resilient, better prepared for drought and adapt to climate change. [URL]",en,0.8867825269699097,anger,0.9829869270324708,anger,0.9927707314491272,False,
1100177968796643331,1100154569663733760,2019-02-25 23:37:22+00:00,it is worse because it is a harder war to win,"In new Pew Poll, climate change falls to the bottom of concerns voters believe [USER] and Congress should focus on in 2019.It may be the greatest gap between public sentiment and the catastrophic stakes of inaction weâ€™ve seen since the isolationism of the 1930s. [URL]",en,0.8768444061279297,sadness,0.895099937915802,pessimism,0.820440411567688,False,
1101192926351290369,1101191968502267904,2019-02-28 18:50:27+00:00,indeed and the case for,.[USER]: Substantial private sector investments are needed to tackle climate change and to achieve the #SDGsâ€”which are aimed at making the planet a better place for our children and grand-children. [URL] [URL],en,0.8215120434761047,anticipation,0.0956283137202262,anticipation,0.4513667523860931,False,
1096510245491429381,1096455508750413830,2019-02-15 20:43:09+00:00,also is not she dutch too,This was 16 days ago and now itâ€™s 18 degrees. The biggest climate change denier is currently busy with his #FakeTrumpEmergency and Iâ€™m here wondering when the province of Holland will flood and Iâ€™ll be forced to live at the beach. Itâ€™s called the â€˜Netherlandsâ€™ for a reason.. [URL],en,0.9261518120765686,anticipation,0.447363793849945,anticipation,0.8266453146934509,False,
1099750945196392448,1099726924266565632,2019-02-24 19:20:32+00:00,fires are down did not california burn up and or do they count why are insurance companies folding,"Weâ€™re ensuring that families can make ends meet while we combat the effects of #climatechange. This year, the average family of 4 in #WPGSouthCentre and #Manitoba will receive $339 through the  #ClimateActionIncentive. [URL]",en,0.8653926253318787,anger,0.9478811621665956,anger,0.9867608547210692,False,
1101167395006226432,1101140079517540352,2019-02-28 17:09:00+00:00,democrats never disliked a new tax on anything,Janet Mills faces challenges in converting tough talk on climate change into action [URL] #mepolitics [URL],en,0.7108096480369568,disgust,0.466247022151947,anticipation,0.3611871004104614,False,
1096882215571652608,1096721839273971713,2019-02-16 21:21:13+00:00, Utter nonsense.,"i doubt i'm the first to think it odd that plod can cuff a teenage girl on a climate change march yet stand, not bothering their arses, while thuggish men shout misogynistic and homophobic abuse outside the commons. [URL]",en,0.9162381291389464,anger,0.9770562052726746,anger,0.9845879077911376,False,
1100763818672689152,1100154569663733760,2019-02-27 14:25:20+00:00,of course it is gore started it as global warming and when that narrative did not work they changed it to some generic term that can not be shown to be true or false,"In new Pew Poll, climate change falls to the bottom of concerns voters believe [USER] and Congress should focus on in 2019.It may be the greatest gap between public sentiment and the catastrophic stakes of inaction weâ€™ve seen since the isolationism of the 1930s. [URL]",en,0.8768444061279297,anger,0.9564785957336426,disgust,0.9886713027954102,False,
1096732600729776128,1096721839273971713,2019-02-16 11:26:42+00:00,i did not say that was the reason,"i doubt i'm the first to think it odd that plod can cuff a teenage girl on a climate change march yet stand, not bothering their arses, while thuggish men shout misogynistic and homophobic abuse outside the commons. [URL]",en,0.9162381291389464,disgust,0.3744598627090454,anticipation,0.4980563819408417,False,
1096732750609088518,1096691767322333185,2019-02-16 11:27:18+00:00,is teaching and acting on scientific consensus political indoctrination climate change should not be a political issue but unfortunately entrenched lifestyles and non renewable energies being entwined with ideas of economic prosperity make it so,This might be my favourite placard from the Kids For Climate Change strike [URL],en,0.8969092965126038,sadness,0.8201617002487183,disgust,0.8339853882789612,False,
1097809879303999488,1097698843997552641,2019-02-19 10:47:26+00:00,eject adani then,"I accept the science of climate change, so does everyone in my govt. I would hope that in the forthcoming federal election campaign, media will ask all candidates whether they accept climate change. [USER] #qldpol [URL]",en,0.8773200511932373,disgust,0.3392422795295715,anger,0.8506168127059937,False,
1096430745290035200,1096389175769731072,2019-02-15 15:27:15+00:00,especially surprising considering that there are a higher proportion of women as primary farm operators in organic farming than in farming as a whole at least in andi think,Interesting panel at â¦[USER]â© on adaptation of #organicagriculture to #climatechange organized by #BÃ–LW. But seriously - how can a panel in 2019 still look like this? (Note that the woman on right is the moderator) The German organic world needs more ğŸ‘©â€ğŸŒ¾ğŸ‘©â€ğŸ“! [URL],en,0.7864463329315186,surprise,0.7924841642379761,surprise,0.9943337440490724,False,
1100514109613719552,1097045226823139328,2019-02-26 21:53:04+00:00, HAPPENING NOW,#algore you were wrong! #Climatechange is a tool for the globalist for more control and taxes to keep us poor. There should be no #CarbonTax or #emissionstax and no stealth taxes. Voting #AustralianConservatives into the senate is common sense. [URL],en,0.8491311073303223,surprise,0.5446939468383789,anticipation,0.5775165557861328,False,
1098511907370065920,1097045226823139328,2019-02-21 09:17:02+00:00,eally you make yourself look uneducated by standing in the water with a stick you sound uneducated with your commentary you make your party look stupid your comments are of the conspiracy theory sect amp make you look stupid nonsense,#algore you were wrong! #Climatechange is a tool for the globalist for more control and taxes to keep us poor. There should be no #CarbonTax or #emissionstax and no stealth taxes. Voting #AustralianConservatives into the senate is common sense. [URL],en,0.8491311073303223,anger,0.9877227544784546,disgust,0.9938796758651732,False,
1097813259384582144,1097698843997552641,2019-02-19 11:00:52+00:00,beyond acceptance of the science we need a plan a path through the climate crisis informed by science defining the quantum of response effort required amp rate it must be delivered generating investment innovation employment regenerated landscapes and resilient communities,"I accept the science of climate change, so does everyone in my govt. I would hope that in the forthcoming federal election campaign, media will ask all candidates whether they accept climate change. [USER] #qldpol [URL]",en,0.8773200511932373,optimism,0.9884986281394958,optimism,0.992106795310974,False,
1100466215166902273,1100154569663733760,2019-02-26 18:42:46+00:00,not buying the fear mongering,"In new Pew Poll, climate change falls to the bottom of concerns voters believe [USER] and Congress should focus on in 2019.It may be the greatest gap between public sentiment and the catastrophic stakes of inaction weâ€™ve seen since the isolationism of the 1930s. [URL]",en,0.8768444061279297,fear,0.9871305823326112,fear,0.977652907371521,False,
1097982603666305024,1097912551038439430,2019-02-19 22:13:46+00:00,most people in do support reducing co emissions according to polling on the issue in recent years i guess your opinion is in the minority position do two wrongs make a right,"Despite the immediate danger posed by climate change, many middle school and high school teachers lack the training to teach students about it. Our bill will create professional development grants for teachers to ensure students are getting the best education they can. [URL]",en,0.9241491556167604,anticipation,0.6314047574996948,anticipation,0.6861465573310852,False,
1097917148926640133,1097912551038439430,2019-02-19 17:53:41+00:00,oh yes please brainwash children on the false narrative that is climate change the climate has raised degrees since the s,"Despite the immediate danger posed by climate change, many middle school and high school teachers lack the training to teach students about it. Our bill will create professional development grants for teachers to ensure students are getting the best education they can. [URL]",en,0.9241491556167604,disgust,0.9517064690589904,disgust,0.9813406467437744,False,
1100167755821694976,1100154569663733760,2019-02-25 22:56:47+00:00,what is the difference between environment and climate change,"In new Pew Poll, climate change falls to the bottom of concerns voters believe [USER] and Congress should focus on in 2019.It may be the greatest gap between public sentiment and the catastrophic stakes of inaction weâ€™ve seen since the isolationism of the 1930s. [URL]",en,0.8768444061279297,anticipation,0.6776647567749023,anticipation,0.4066086411476135,False,
1100079480968761345,1100076868328394754,2019-02-25 17:06:01+00:00,lots of assertions no evidence offered that global warming is man made disappointed,Evidence for man-made global warming hits 'gold standard': scientists [URL] [URL],en,0.7050155401229858,sadness,0.9662137627601624,sadness,0.9743978977203368,False,
1100046968615854080,1099854999679463424,2019-02-25 14:56:49+00:00,pandering to the moron demographic,"What a dufus. Representative [USER] should probably go back to middle school science class, he clearly didnâ€™t pay attention. #ClimateChange [URL]",en,0.9794992804527284,anger,0.9793649911880492,disgust,0.9811835289001464,False,
1097504893001175049,1097266528213381120,2019-02-18 14:35:31+00:00,no facts no hard evidence means this is sloganeering  opinion only i am looking for facts are not you a majority of voters selected haaland that isa fact and it can be checked,Climate change is the single biggest threat to our national security. [USER] is sharing her ideas on the Green New Deal and how we can protect our planet. #GreenNewDeal #ClimateActionNow #nmpol [USER] [USER] [URL],en,0.8008930087089539,anger,0.910957932472229,anger,0.8363925814628601,False,
1098886829087096834,1098885155488440322,2019-02-22 10:06:51+00:00, Big,Donald Trump picks climate change denier to head committee on threat of global warming [URL] [URL],en,0.8398230671882629,fear,0.0552279278635978,anticipation,0.1242114454507827,False,
1099777463687831552,1099609419409702912,2019-02-24 21:05:54+00:00,i think this is part of teaching because is there a bigger issue than,The Bishop of Truro is calling for [USER] to put more energy and resources into tackling #climatechange [USER] told [USER] the Church needs to â€œbeef upâ€ its efforts and pool new ideas. [USER] [USER] [URL],en,0.7879713177680969,anticipation,0.8296011090278625,anticipation,0.7317037582397461,False,
1097598310293037056,1097594124134313984,2019-02-18 20:46:44+00:00,get your social justice identity politics out of my climate mitigation strategies thank you,Climate champs in Congress including [USER] & [USER] introduced landmark resolutions in support of a #GreenNewDeal. Tell your members of Congress to sign on to this bold plan to tackle climate change & inequity! [URL] [URL],en,0.8146024346351624,anger,0.755424439907074,anger,0.9879878759384156,False,
1096434992740265984,1096434391771947009,2019-02-15 15:44:07+00:00,absolutely she came away feeling really positive and empowered,My daughter has skipped college today to protest against climate change.At one stage Jess had to sit down as she wasn't feeling well.She was looked after very nicely by the [USER] who made sure she was OK before she carried on.Thank you â™¥#schoolstrike4climate [URL],en,0.9915056824684144,joy,0.9879314303398132,optimism,0.9952142238616944,False,
1096897113156395008,1096717168455139330,2019-02-16 22:20:25+00:00,probably bored himself to sleep though to be fair it spares everyone else having to listen to his endleass drivel,"Tory MP [USER] has slammed schoolchildren for taking the day off school to attend a national protest over the Governmentâ€™s handling of climate change Coming from the MP who is paid nearly Â£80,000 a year and thinks it is acceptable to sleep at work#YouthStrike4Climate [URL]",en,0.8504665493965149,disgust,0.7820577025413513,disgust,0.935245931148529,False,
1098728549282865152,1097045226823139328,2019-02-21 23:37:54+00:00, ight,#algore you were wrong! #Climatechange is a tool for the globalist for more control and taxes to keep us poor. There should be no #CarbonTax or #emissionstax and no stealth taxes. Voting #AustralianConservatives into the senate is common sense. [URL],en,0.8491311073303223,anticipation,0.2508840262889862,joy,0.3033596873283386,False,
1101260802642845702,1101236696803364866,2019-02-28 23:20:10+00:00,shameful what does it take to get the attention of politicians seems if it does not involve immediate personal benefit they are uninterested faith is in the kids they will not give up futureclimate,"ğŸ‡¬ğŸ‡§Children from all over the world join the #ClimateStrike movement.They demand urgent #climateaction.But the UK parliament seems to have missed the memo.At the first climate change debate in two years (!), just a handful of MPs showed up.#Brexit draws bigger crowds. ğŸ¤” [URL]",en,0.8756634593009949,disgust,0.9818076491355896,anger,0.9858248233795166,False,
1097563694056304640,1097043285980389377,2019-02-18 18:29:11+00:00,not to mention the uk total fertility ate rose from into in i mention this only to highlight that any country with a population in excess of what that area can provide is unsustainable in the long term,Individual actions to take to reduce #ClimateChange 1. Switch to renewable energy supplier2. Use your car less and/or switch to an electric car3. Eat less meat - consider going vegetarian or vegan4. Stopping flying or if essential try to offset emissions5. #Protest6. #Vote [URL],en,0.967846691608429,disgust,0.7843621373176575,disgust,0.8537595868110657,False,
1098709004614684673,1097045226823139328,2019-02-21 22:20:14+00:00,do not be silly,#algore you were wrong! #Climatechange is a tool for the globalist for more control and taxes to keep us poor. There should be no #CarbonTax or #emissionstax and no stealth taxes. Voting #AustralianConservatives into the senate is common sense. [URL],en,0.8491311073303223,optimism,0.8076736927032471,optimism,0.7475488781929016,False,
1100359908158042120,1100154569663733760,2019-02-26 11:40:20+00:00,it is above immigration we are declaring a national emergency for things people care about less,"In new Pew Poll, climate change falls to the bottom of concerns voters believe [USER] and Congress should focus on in 2019.It may be the greatest gap between public sentiment and the catastrophic stakes of inaction weâ€™ve seen since the isolationism of the 1930s. [URL]",en,0.8768444061279297,disgust,0.8919916749000549,disgust,0.9210657477378844,False,
1098285080550752256,1098030605047074816,2019-02-20 18:15:43+00:00,i believe in all of these things i also believe in lists that are organized according to how much space their components take up on a line for,"I believe in:ScienceEqualityJusticeHonestyDiversityEducationFair WagesCivil RightsVoting rightsClimate ChangeHealthcare for allIMMIGRATION REFORM#ImTheRadicalLeft, and I'm PROUD of it. [URL]",en,0.8000021576881409,optimism,0.7506974339485168,optimism,0.7679790258407593,False,
1098280521291960320,1097809318588628992,2019-02-20 17:57:35+00:00,great pakistan,impressive to see [USER] power plant in #Bahawalpur constructed with #German consultancy. 400MW of clean energy!!! 600 more to come. Much cleaner than fossil energy like coal. Green energy is the future! #GREENit Pakistan can be a world leader to cope with climate change. [URL],en,0.8972280025482178,joy,0.9954504370689392,joy,0.8914419412612915,False,
1100101185699225602,1100094079633903619,2019-02-25 18:32:16+00:00,looking at the current temperature in right now that is not hard to believe,Climate change turning England into prime wine country [URL] #wine [URL],en,0.5750455260276794,surprise,0.7189788818359375,anticipation,0.6343175768852234,False,
1097628021283000320,1097623561106321413,2019-02-18 22:44:47+00:00,coverage emphasizes fairness distributional issues between countries,"1/ An \Economists' statement on carbon dividends\"" signed by 3,300 econs is making the headlines. Largest econ petition ever[URL] 1997, 2,500 econs signed an \""Economists' statement on climate change.\"" Then largest petition ever Here's a quick comparison: [URL]",en,0.7306004762649536,anticipation,0.6932718753814697,sadness,0.4894976913928985,False,
1096003918373498882,1095986911523598336,2019-02-14 11:11:11+00:00,she might ask and who are presenting at the forthcoming conference on this in oporto in organised by of taylors etc,"A 3rd year geography student, Susie, at Edinburgh Uni is writing a dissertation on climate change and wine and needs help please. Anyone know of any good sources for info, research or data for weather patterns for specific wine region(s) that might show the impact? #mwstudyfacts [URL]",en,0.914214253425598,anticipation,0.8805477023124695,anticipation,0.8804558515548706,False,
1099185733921689600,1099140102616465409,2019-02-23 05:54:35+00:00,yes my twitter handle means my opinion is null and void that totally makes sense and is not a deflection from the actual issue at all,"Sen. Dianne Feinstein clashed with children over climate change policy, criticizing their requests that she back the Green New Deal, accusing them of presenting an ultimatum and contrasting their inability to vote with her three decades in office [URL] [URL]",en,0.9070133566856384,anger,0.6692221164703369,anger,0.771748960018158,False,
1099805188691357696,1099451755539062784,2019-02-24 22:56:05+00:00,why do not they organise a protest in the weekend and see how many turn up,Backing for NZ students to abandon classes over climate change [URL] [URL],en,0.7299492359161377,anticipation,0.8976418972015381,anger,0.8975523710250854,False,
1098329706250858497,1098230101274230785,2019-02-20 21:13:02+00:00,thanksand we want to hear more fromand other real climate experts this is the beaking news of our time,"Just went on [USER] [USER] & all I got was this stinkin' mug!But seriously, thanks so much [USER], [USER] & [USER] (and my fellow guest [USER]) for devoting a whole segment to climate change & the need for action! Happy to come back any time! [URL]",en,0.982971966266632,anticipation,0.8954460024833679,anticipation,0.9285104274749756,False,
1096483890104098822,1096482836608139264,2019-02-15 18:58:25+00:00,luka sabbats collab withandbrings awareness to the effects of climate change,The world is ending - who are you wearing? Read my latest blog post about [USER] 's line combating the effects of climate change - launched at [USER] . #NewYorkfashionweek2019 [URL] [URL],en,0.6936408281326294,optimism,0.916468858718872,optimism,0.7915122509002686,False,
1099385005195907073,1099382982673076224,2019-02-23 19:06:25+00:00,geopolitical determinants of health are responsible for the social determinants of health a new global order cape vulnerability index priority for action,"Thnx Prof Krieger [USER] & [USER] [USER] for review copy [USER] #book \Climate Change and the Peopleâ€™s Health\"" Review to follow..[USER] [USER] [USER][USER] [USER] [USER] #ClimateChange #Health [USER] [URL]",en,0.5988826751708984,optimism,0.913033127784729,optimism,0.7244706749916077,False,
1098877504272719872,1098838409639010306,2019-02-22 09:29:47+00:00,a mf hottie any human on this planet would be blessed to have this man in their loot box,I wish the cold weather in Houston lasted for more than two days at a time so I can step out with oodles of layers everyday but nah our world's ecosystems are collapsing from climate change smh [URL],en,0.9280162453651428,joy,0.9918711185455322,joy,0.9869155883789062,False,
1096825804204453889,1096732300941905920,2019-02-16 17:37:04+00:00,bury st is on the map,#ExtinctionRebellion event in Bury St Edmunds this morning. Young and old demanding urgent action on #ClimateChange [URL],en,0.8409637808799744,anticipation,0.7285805344581604,anticipation,0.342019647359848,False,
1097990710022660097,1097698843997552641,2019-02-19 22:45:59+00:00,you clearly do not accept the science as it was the leading scientist for the government that stated that if australia reduced our entire carbon emmisions to nothing it would have virtually no effect on climate change stop lying to us you are a labor ideologue woof,"I accept the science of climate change, so does everyone in my govt. I would hope that in the forthcoming federal election campaign, media will ask all candidates whether they accept climate change. [USER] #qldpol [URL]",en,0.8773195743560791,anger,0.9822262525558472,anger,0.9911076426506042,False,
1100166461824401408,1100154569663733760,2019-02-25 22:51:39+00:00,unbelievable,"In new Pew Poll, climate change falls to the bottom of concerns voters believe [USER] and Congress should focus on in 2019.It may be the greatest gap between public sentiment and the catastrophic stakes of inaction weâ€™ve seen since the isolationism of the 1930s. [URL]",en,0.8768444061279297,surprise,0.8864108920097351,anger,0.9757289290428162,False,
1097789139473166337,1097045226823139328,2019-02-19 09:25:01+00:00,what is the aussie term for someone who in the human fight against extinction is on the side of extinction is it a billabong is this guy a billabong,#algore you were wrong! #Climatechange is a tool for the globalist for more control and taxes to keep us poor. There should be no #CarbonTax or #emissionstax and no stealth taxes. Voting #AustralianConservatives into the senate is common sense. [URL],en,0.8491311073303223,anticipation,0.4538026750087738,disgust,0.5338244438171387,False,
1096454760394383362,1096439329289850881,2019-02-15 17:02:40+00:00,i bet he barged his way into the queue as well,The kid with the Pret plastic water bottle leading the way at the climate change protest. Peak Gen Z [USER] #ClimateStrike [URL],en,0.8300597667694092,anticipation,0.4943772554397583,anger,0.5975621342658997,False,
1100270867592802304,1100154569663733760,2019-02-26 05:46:31+00:00,that is terrifying and population did not even make the list our children and grandchildren will be saddled with a world we can only imagine,"In new Pew Poll, climate change falls to the bottom of concerns voters believe [USER] and Congress should focus on in 2019.It may be the greatest gap between public sentiment and the catastrophic stakes of inaction weâ€™ve seen since the isolationism of the 1930s. [URL]",en,0.8768444061279297,fear,0.9891350269317628,fear,0.9939112663269044,False,
1096728510574530560,1096718870721818627,2019-02-16 11:10:27+00:00,blimey that is the height of all detrimental epithets that one could possess and the audacity in standing before an assembly of childrendid you take any of they excuse me concens into consideration,"Always good to talk to local school children about issues theyâ€™re concerned about,. thanks [USER] Year 9 for having me yesterday. Discussed climate change, school uniforms, Brexit and lots of other important issues! [URL]",en,0.991412878036499,disgust,0.915242075920105,anger,0.991999328136444,False,
1100315297662332928,1100119758354169856,2019-02-26 08:43:04+00:00, Arson,"Ocasio-Cortez: Climate change is forcing youth to ask \Is it OK to still have children?\"" [URL] [URL]",en,0.6967443823814392,anger,0.9696478843688964,anger,0.9138800501823424,False,
1098775590025547776,1098710206500892673,2019-02-22 02:44:49+00:00,climate change is natural and despite popular belief there is nothing humans can do to stop it it is been happening since the earth was created and it will continue facts sea level has not risen storms are down wildfires haven t spread immigration can be fixed,Itâ€™s not so easy to pull a â€œnational emergencyâ€ on climate change. #ACloserLook [URL],en,0.781183660030365,fear,0.6728129982948303,optimism,0.3758520483970642,False,
1096485439601500160,1096483960941555713,2019-02-15 19:04:35+00:00,yes there is no edit button though,What would YOU do with $8M?ğŸŒ Address climate change & create jobs (real emergency!)ğŸ¥ Fix healthcareğŸ“š Provide educationâœˆï¸ New infrastructureğŸ¡ End homelessnessğŸ‡ºğŸ‡¸ Support veteransSign our petition to say no to Trump & yes to possibility![URL] [URL],en,0.8020043969154358,anticipation,0.3181299269199371,sadness,0.4853096902370453,False,
1097105814203088896,1096907926881689600,2019-02-17 12:09:44+00:00,that does not undermine dons point it adds to it,"The IPPR report says \Since 1950, the number of floods across the world has increased by 15 times, extreme temperature events by 20 times, and wildfires sevenfold\"" So why have reported disaster deaths decreased massively? More Climate-change rubbish. [URL]",en,0.9293500185012816,optimism,0.5542272925376892,anticipation,0.3819034993648529,False,
1100285156034629632,1100270034734133249,2019-02-26 06:43:18+00:00,slimy little worm probably more dangerous than shouty because he tries to diplomat his way through situations luckily twitter will expose the frauds in the end,"So, [USER] gets his 'we should be doing more' on climate change story on front page of SMH today & a [USER] interview on Afternoon Briefing.The interview was a train-wreck, Sharma backed away from statements he made in the SMH article!! FFS! Backflipper!ğŸ™„#auspol [URL]",en,0.835858166217804,anger,0.8309844136238098,anger,0.9120893478393556,False,
1099144096059408388,1099140102616465409,2019-02-23 03:09:08+00:00,if this does not underline the rift between the year olds and the year olds in this society i do not what will i think sen has done her part now time to step down from those ulta high horses,"Sen. Dianne Feinstein clashed with children over climate change policy, criticizing their requests that she back the Green New Deal, accusing them of presenting an ultimatum and contrasting their inability to vote with her three decades in office [URL] [URL]",en,0.9070135951042176,disgust,0.9308163523674012,optimism,0.6888744831085205,False,
1097147016545779712,1096717087530250240,2019-02-17 14:53:27+00:00,for one,A school girl wearing her school uniform and tie holds up her handcuffed wrists after being arrested for obstruction during the #strike4climate demonstration by school children in London's Parliament square. #ClimateStrike #thetimes #ClimateChange [URL],en,0.9072394371032716,anticipation,0.0580547899007797,anticipation,0.1887546181678772,False,
1097919012980314112,1097916238938943488,2019-02-19 18:01:05+00:00,supreme intelligence in fragile bodies,"Wallace Broecker, the renowned geophysicist who popularized the term \global warming,\"" died Monday at the age of 87 [URL] [URL]",en,0.8256208300590515,anticipation,0.5132756233215332,optimism,0.701464831829071,False,
1100536561819664391,1100432252272545798,2019-02-26 23:22:17+00:00,you have no ie what aoc actually said,Ever notice how the folks that say we have 12 years to live because of climate change fly in private jets and ride in limos/SUVs? #ClimateHypocrisy [URL],en,0.7616159319877625,disgust,0.912863552570343,anger,0.8975135684013367,False,
1100262414816178176,1100154569663733760,2019-02-26 05:12:56+00:00,the blindness of citizens to the enormity of this problem is terrifying the petroleum industry gop and have done an excellent job of programming voters,"In new Pew Poll, climate change falls to the bottom of concerns voters believe [USER] and Congress should focus on in 2019.It may be the greatest gap between public sentiment and the catastrophic stakes of inaction weâ€™ve seen since the isolationism of the 1930s. [URL]",en,0.8768444061279297,fear,0.9865654110908508,disgust,0.9813525080680848,False,
1096760263565602816,1096752899307307008,2019-02-16 13:16:38+00:00,get off my lawn,Top 3 good faith criticisms of the students protesting climate change3: These protesting kids are just lazy2: These hypocritical kids drink water from bottles1: What about the lawn? [URL],en,0.8746971487998962,anger,0.9751096367836,anger,0.976671814918518,False,
1100473251015393284,1100118750198710273,2019-02-26 19:10:43+00:00,as long as she does not reproduce the world will be safe,Ocasio-Cortez asks if climate change means we should stop having kids [URL] [URL],en,0.7485348582267761,optimism,0.9047941565513612,fear,0.8946874141693115,False,
1098104161999249409,1097912551038439430,2019-02-20 06:16:48+00:00,percent it up,"Despite the immediate danger posed by climate change, many middle school and high school teachers lack the training to teach students about it. Our bill will create professional development grants for teachers to ensure students are getting the best education they can. [URL]",en,0.9241491556167604,optimism,0.2975845634937286,anticipation,0.1436223536729812,False,
1100532927941787648,1100410157895315457,2019-02-26 23:07:51+00:00,why do you think anyone wants to hear your opinion when you do not allow others givelessons on being a real tv host or please get rid of her she has zero clue for half the topics hides behind her family name amp insults panel members daily,Ahead in #HotTopics: Alexandria Ocasio-Cortez brings up a â€œlegitimate questionâ€ she believes is asked in the wake of climate change and crippling student loan debt: â€œIs it okay to still have children?â€ What are your thoughts? Tweet us. [URL],en,0.8483991026878357,anger,0.986357569694519,anger,0.9940472841262816,False,
1099817392517988352,1099747353509146626,2019-02-24 23:44:34+00:00,scary,"AOC: Until my critics offer their own climate change plans, â€œIâ€™m the boss, how about that?â€ [URL] [URL]",en,0.8390281200408936,fear,0.9818155169487,fear,0.9957608580589294,False,
1098199721066356736,1098198201570656258,2019-02-20 12:36:31+00:00,you can just saywrote something in synonymous with lies amp convoluted ramblings,New York Times columnist writes op-ed filled with falsehoods on Pelosi and Green New Deal [URL] [URL],en,0.8089489936828613,anger,0.9827072024345398,disgust,0.9488680958747864,False,
1101017464572387328,1100725999006859265,2019-02-28 07:13:14+00:00,laughing out loud wind power is that your answer to future energy supply time to go short if this type of bs was not just a po exercise,Onshore wind remains the lowest cost technology for new electricity generation in the UK.  Thatâ€™s why weâ€™re committed to plans to develop a further 1GW pipeline of onshore wind projects by 2025 and deliver a #betterfuturequicker for everyone. #climatechange #greenenergy [URL],en,0.9039381742477416,anger,0.9567777514457704,joy,0.9687818884849548,False,
1096823252507275264,1096464591721250818,2019-02-16 17:26:56+00:00,glad they had access to bleach whiteners for teeth back in the day photographic smile,"Yukon placer mining often uncovers the remains of animals from long ago (Woolly Mammoth etc), who's extinction was likely caused by climate change. Just the other day I found ground-breaking proof that cold weather was also responsible for the end of the Dinosaur age. [URL]",en,0.9193060398101808,joy,0.9801196455955504,joy,0.9931604862213136,False,
1099708376483852288,1099543406634688512,2019-02-24 16:31:23+00:00,your thread echoes this piece i wrote that i got yelled at on twitter for,"\We have 12 years to address climate change\"" isn't exactly what the IPCC report says. It says:-To stay below 1.5C, emissions must drop 45% (from 2010 levels) by 2030 & reach net zero by ~2050.  -To stay below 2C, emissions must drop 25% by 2030 & reach net zero by ~2070.   1/ [URL]",en,0.8729711174964905,anger,0.9650301933288574,anger,0.8187891840934753,False,
1096010487794413568,1095961275417415680,2019-02-14 11:37:17+00:00,shared best practices on the municipals climate change esponse programme with climate change is a cross cutting issue and the municipality has taken a strategic approach towards positioning the municipality as a green destination ms mbali mpanza,SALGA KZN in collaboration with the Central KZN Climate Change Compact (CKZNCCC) partners are in a regional knowledge sharing and exchange session hosted by [USER] . [USER] is visiting [USER]  to exchange knowledge and visit projects in and around [USER] [URL],en,0.7327056527137756,optimism,0.985458254814148,optimism,0.9861765503883362,False,
1099750547731697664,1099726924266565632,2019-02-24 19:18:57+00:00,you mean while you add to the effects of climate change by approving pipelines,"Weâ€™re ensuring that families can make ends meet while we combat the effects of #climatechange. This year, the average family of 4 in #WPGSouthCentre and #Manitoba will receive $339 through the  #ClimateActionIncentive. [URL]",en,0.8653926253318787,disgust,0.9537890553474426,disgust,0.9775658845901488,False,
1097858328259108871,1097856886672642048,2019-02-19 13:59:57+00:00,you are looking at an ameican emegency when you look into the mio,"HILLARY SLAMS TRUMP: In her tweet, Hillary Clinton says the â€œreal national emergenciesâ€ are relentless gun violence, children separated from their families at the border, climate change and Americans dying for lack of health care.[URL] [URL]",en,0.906691074371338,anticipation,0.3998740315437317,anticipation,0.2922921478748321,False,
1096797782080401408,1096721839273971713,2019-02-16 15:45:43+00:00,dat but no one said why she was arrested i see a lot of people sticking up for her but no one knows why she was cuffed,"i doubt i'm the first to think it odd that plod can cuff a teenage girl on a climate change march yet stand, not bothering their arses, while thuggish men shout misogynistic and homophobic abuse outside the commons. [URL]",en,0.9162381291389464,fear,0.7519731521606445,sadness,0.9661138653755188,False,
1099380039089643520,1099001179332378625,2019-02-23 18:46:41+00:00,what a waste of time,Amazing opportunity today meeting the Environment and Climate Change Minister of Canada [USER]. Thank you for speaking about the importance of reducing climate emissions not only at a national scale but also at the university level. [USER] [URL],en,0.8707053661346436,anger,0.9734187126159668,anger,0.99073725938797,False,
1099577748933070848,1098764470623494144,2019-02-24 07:52:19+00:00,describe how to make a global hub for solar and renewables we are really interested,Very pleased to announce [USER] will be a keynote speaker at #smartenergy19 Sydney 2-3 AprilZali will outline the need for action on climate change & how to make #warringah a global hub for solar and renewables.Register today at [URL] [URL],en,0.8038455247879028,anticipation,0.9123058915138244,anticipation,0.958364963531494,False,
1096543652191571969,1096439329289850881,2019-02-15 22:55:54+00:00,that we may havest you pecious ogans,The kid with the Pret plastic water bottle leading the way at the climate change protest. Peak Gen Z [USER] #ClimateStrike [URL],en,0.8300597667694092,joy,0.6023904085159302,disgust,0.3194226920604706,False,
1101192510007783424,1100963803766943744,2019-02-28 18:48:48+00:00,he did not burn any fossil fuel,Climate change minister spent most of MPs on international travel[URL] [URL],en,0.7769302725791931,disgust,0.2548412382602691,optimism,0.4640378057956695,False,
1098574418043908097,1098573700130062336,2019-02-21 13:25:26+00:00,uk homes are not fit for the future the climate change act requires near zero greenhouse gas emissions from homes bybut efforts to reduce emissions have stalled most homes use fossil fuel heating lt k have heat pumps or are connected to low carbon heat networks,"THREAD: Today, our new report on #UKhousing sets out how the quality of UK homes must improve to reduce emissions and ensure they are ready for a changing climate. Read the report here: [URL]  #Homes #UKClimateAction (1/10)  #climatechange [URL]",en,0.8430206775665283,disgust,0.8314607739448547,disgust,0.9758686423301696,False,
1098306680146878464,1097912551038439430,2019-02-20 19:41:32+00:00,absolutely correct doctor volcanic events usually have greater so emissions than co and these emissions produce temporary cooling of global avg temp for a yr orif they are widespread in the stratosphere,"Despite the immediate danger posed by climate change, many middle school and high school teachers lack the training to teach students about it. Our bill will create professional development grants for teachers to ensure students are getting the best education they can. [URL]",en,0.9241491556167604,anticipation,0.1383010894060135,anticipation,0.3475798070430755,False,
1100184945174216704,1100154569663733760,2019-02-26 00:05:06+00:00,or perhaps you and all the liberals are just suckers for a good hoax,"In new Pew Poll, climate change falls to the bottom of concerns voters believe [USER] and Congress should focus on in 2019.It may be the greatest gap between public sentiment and the catastrophic stakes of inaction weâ€™ve seen since the isolationism of the 1930s. [URL]",en,0.8768444061279297,anger,0.9861905574798584,disgust,0.9744951128959656,False,
1100435658680745985,1100410157895315457,2019-02-26 16:41:20+00:00,mccain why do you stay on the view democrats are murderers they are buffoons you are not going to change them this is terrible we are living in the end times as lived in his times why are you on this dumb show why do not you leave start your own,Ahead in #HotTopics: Alexandria Ocasio-Cortez brings up a â€œlegitimate questionâ€ she believes is asked in the wake of climate change and crippling student loan debt: â€œIs it okay to still have children?â€ What are your thoughts? Tweet us. [URL],en,0.8483988642692566,anger,0.9870879650115968,anger,0.9930289387702942,False,
1099650027373309952,1097698843997552641,2019-02-24 12:39:31+00:00,you are an idiot do some homework made global warming theory is just a theory and it is a costly crock of sht,"I accept the science of climate change, so does everyone in my govt. I would hope that in the forthcoming federal election campaign, media will ask all candidates whether they accept climate change. [USER] #qldpol [URL]",en,0.877319872379303,anger,0.9855489134788512,anger,0.9937490224838256,False,
1095959198175768581,1095952458692599808,2019-02-14 08:13:29+00:00,,"Good Morning KDM,Today weâ€™re hosting the Central KZN Climate Change Compact session wherein weâ€™re showcasing good practises for the Mpumalanga Province as part of a two-day Learning Exchange. [USER] [USER] [USER] [USER] [USER] [USER] [USER] [URL]",en,0.7978355884552002,joy,0.0684508606791496,anticipation,0.1386910527944564,False,
1096551457665495040,1096439329289850881,2019-02-15 23:26:55+00:00, So uMnangagwa is a high-level coach who uses a machine that is gold in the river,The kid with the Pret plastic water bottle leading the way at the climate change protest. Peak Gen Z [USER] #ClimateStrike [URL],en,0.8300597667694092,disgust,0.8082178831100464,anticipation,0.4799892604351043,False,
1100120669549969408,1100119758354169856,2019-02-25 19:49:41+00:00,she is a dangerous voice sadly many of our youth have been brainwashed by a subversive marxist style educational system and americans not having babies is exactly what and ussia want for us we are losing usa with democrats socialists loony people like,"Ocasio-Cortez: Climate change is forcing youth to ask \Is it OK to still have children?\"" [URL] [URL]",en,0.6967440247535706,disgust,0.9711059927940368,disgust,0.9837502837181092,False,
1100830204933607424,1100154569663733760,2019-02-27 18:49:07+00:00,we just like protecting the environment does not have nothing to do with the hoax they call climate change,"In new Pew Poll, climate change falls to the bottom of concerns voters believe [USER] and Congress should focus on in 2019.It may be the greatest gap between public sentiment and the catastrophic stakes of inaction weâ€™ve seen since the isolationism of the 1930s. [URL]",en,0.8768444061279297,optimism,0.8116274476051331,disgust,0.91204571723938,False,
1096458871059689472,1096448460583260161,2019-02-15 17:19:00+00:00,oh protesting outside their own school to whom did they strike,"Our students took the lead in the fight against global warming today, as they took part in a series of activities and workshops inspired by the #ClimateStrike [URL] #makeadifference [URL]",en,0.8690330386161804,anger,0.9517061114311218,anger,0.8365662693977356,False,
1098648238398361602,1098642389588160512,2019-02-21 18:18:46+00:00,wedderkopp is speaking next and again reiterating exactly what he said yesterday,"Not quite as many climate change protests outside Shire Hall as there were yesterday, but weâ€™re expecting a similar result tonight here at #Somerset West and #Taunton Council. #LDReporter #SWAT [URL]",en,0.8428860902786255,anticipation,0.7347986698150635,disgust,0.7262990474700928,False,
1099038465876996104,1099034843239858176,2019-02-22 20:09:24+00:00,excellent question,"Why can we pay trillions for wars, billions for a useless wall but we never have any money for #healthcare and #Climatechange [URL]",en,0.8168689012527466,joy,0.9909307360649108,joy,0.9867720007896424,False,
1100158712692523008,1100154569663733760,2019-02-25 22:20:51+00:00,can we please get an ax interview with,"In new Pew Poll, climate change falls to the bottom of concerns voters believe [USER] and Congress should focus on in 2019.It may be the greatest gap between public sentiment and the catastrophic stakes of inaction weâ€™ve seen since the isolationism of the 1930s. [URL]",en,0.8768444061279297,anticipation,0.8706583976745605,anticipation,0.938008189201355,False,
1097066427100598272,1096769963287891969,2019-02-17 09:33:13+00:00,it is been claimed often by some nats and other members of the snp but proven no it has not to my knowledge but i am prepared to be corrected if you come up with the evidence that it has been proven,Nicola Sturgeon â€œScotland are world leaders in tackling climate changeâ€ [URL],en,0.6663876175880432,anticipation,0.7509105801582336,anticipation,0.9629863500595092,False,
1098284095375921152,1098069521040957440,2019-02-20 18:11:48+00:00,we are observing symptoms of environmental breakdown along the kwazulu coastline that confirms your view impact from the able part of the community the impact is significant even slthough most members are ignorent or will deny it,"Itâ€™s not just climate change. Soilâ€™s being lost, species dying, oceans destabilised. Letâ€™s be frank: this is the age of environmental breakdown, #ThisIsACrisisSo we need a transformation to make economies sustainable & justThoughts for [USER] [URL] [URL]",en,0.8517310619354248,anticipation,0.607535719871521,sadness,0.9226804971694946,False,
1096712506268180480,1096712502392565760,2019-02-16 10:06:52+00:00,acting up like it did during the time of thousands of years ago and guess what the world is still here it was not climate change then and it is not climate change now,"\... worldwide...\""? Which world, didn't see any students protesting in this part of the world. Nothing of that sort happened across these-here-parts. We are too busy being real to concern ourselves with that kinda western world crap. No climate change here, just the weather... [URL]",en,0.9385419487953186,optimism,0.7882686853408813,optimism,0.6566082835197449,False,
1098791429638422529,1098049459781398529,2019-02-22 03:47:46+00:00,original poster by capable counterspyindicated that boo  as a relay for dastardly blocked the but not s trouble of threats bydid not get solved with ghs,Always a pleasure touching base with my friend Prof. Sanghyup Kim from #KAIST and Chairman of #CoalitionforourCommonFuture. Working together to promote #Korea #Denmark partnership on #energy #climatechange #circulareconomy. [USER] [USER] [USER] [URL],en,0.80879807472229,anger,0.9070053696632384,disgust,0.3886024057865143,False,
1098192894610075649,1097972908423606272,2019-02-20 12:09:24+00:00,but there is no such thing as climate change ight,"We love all Earth's creatures â€” even the rats.But there's one tiny rodent that, alas, as a casualty of the #climatecrisis, we'll never see again: the Bramble Cay melomys. It's the \first known demise of a mammal because of human-induced climate change.\""#EarthsCall [URL]",en,0.8730786442756653,anticipation,0.5513262152671814,anger,0.6522696614265442,False,
1097931307240296449,1097912551038439430,2019-02-19 18:49:56+00:00,t you already indoctrinated these poor kids into believing this garbage it is nothing more than wealth distribution,"Despite the immediate danger posed by climate change, many middle school and high school teachers lack the training to teach students about it. Our bill will create professional development grants for teachers to ensure students are getting the best education they can. [URL]",en,0.9241490364074708,disgust,0.974814474582672,disgust,0.9930209517478944,False,
